{
    "learning_rate": 0.01693078131152149,
    "max_depth": 7,
    "min_child_weight": 7,
    "subsample": 0.8346334538391874,
    "colsample_bytree": 0.8479403880637645,
    "gamma": 0.07368107578812416,
    "reg_alpha": 2.621849347573956e-06,
    "reg_lambda": 0.020666317834828675,
    "objective": "reg:squarederror",
    "tree_method": "hist",
    "eval_metric": "rmse",
    "seed": 42,
    "n_estimators": 532
}