{
    "objective": "reg:squarederror",
    "tree_method": "hist",
    "eval_metric": "rmse",
    "seed": 42,
    "learning_rate": 0.02942925908954217,
    "max_depth": 7,
    "min_child_weight": 5,
    "subsample": 0.7385820567528203,
    "colsample_bytree": 0.9721706138710469,
    "gamma": 0.42151220082557683,
    "reg_alpha": 2.4249713988677684e-08,
    "reg_lambda": 0.00022987893405681782,
    "n_estimators": 316
}