{
    "objective": "reg:squarederror",
    "tree_method": "hist",
    "eval_metric": "rmse",
    "seed": 42,
    "learning_rate": 0.06016554447577139,
    "max_depth": 6,
    "min_child_weight": 4,
    "subsample": 0.7531399479120232,
    "colsample_bytree": 0.8205974369566317,
    "gamma": 0.4683379517190026,
    "reg_alpha": 0.0032365310170320728,
    "reg_lambda": 4.789455885504757e-05,
    "n_estimators": 179
}