{
    "objective": "reg:squarederror",
    "tree_method": "hist",
    "eval_metric": "rmse",
    "seed": 42,
    "learning_rate": 0.01917104427140427,
    "max_depth": 8,
    "min_child_weight": 1,
    "subsample": 0.7487801373250511,
    "colsample_bytree": 0.9069086023445769,
    "gamma": 0.1872693225400351,
    "reg_alpha": 0.03451772479611988,
    "reg_lambda": 0.012189192660279569,
    "n_estimators": 293
}