{
    "learning_rate": 0.019602282595315684,
    "max_depth": 8,
    "min_child_weight": 5,
    "subsample": 0.7334486990479123,
    "colsample_bytree": 0.6720420071676221,
    "gamma": 0.033125299913949614,
    "reg_alpha": 0.00014422243561457965,
    "reg_lambda": 0.03319513219604294,
    "objective": "reg:squarederror",
    "tree_method": "hist",
    "eval_metric": "rmse",
    "seed": 42,
    "n_estimators": 300
}