{
    "learning_rate": 0.019200380545315195,
    "max_depth": 6,
    "min_child_weight": 6,
    "subsample": 0.7845619357947551,
    "colsample_bytree": 0.7078824371352161,
    "gamma": 0.06323181029231595,
    "reg_alpha": 0.0001319968782396929,
    "reg_lambda": 0.006848335611474488,
    "objective": "reg:squarederror",
    "tree_method": "hist",
    "eval_metric": "rmse",
    "seed": 42,
    "n_estimators": 464
}