{
    "learning_rate": 0.010204130639023779,
    "max_depth": 8,
    "min_child_weight": 7,
    "subsample": 0.871014204705402,
    "colsample_bytree": 0.7340406508819634,
    "gamma": 0.30378559696010476,
    "reg_alpha": 9.415223263205898e-05,
    "reg_lambda": 0.0010813730550589833,
    "objective": "reg:squarederror",
    "tree_method": "hist",
    "eval_metric": "rmse",
    "seed": 42,
    "n_estimators": 2242
}