{
    "objective": "reg:squarederror",
    "tree_method": "hist",
    "eval_metric": "rmse",
    "seed": 42,
    "learning_rate": 0.020841245385671277,
    "max_depth": 7,
    "min_child_weight": 7,
    "subsample": 0.7026319124636324,
    "colsample_bytree": 0.9504629374911132,
    "gamma": 0.2987111456596741,
    "reg_alpha": 3.6940396738207867e-06,
    "reg_lambda": 0.0803164417662021,
    "n_estimators": 424
}